44mm Diameter ,150gsm Art Paper,150gsm Art Paper,,,,,
Quantity,Gloss Lamination,Soft Touch Lamination,,,|:$,,
10,52,54,,,,10|:$52,10|:$54
20,56,60,,,,20|:$56,20|:$60
30,60,64,,,,30|:$60,30|:$64
40,64,70,,,,40|:$64,40|:$70
50,70,76,,,,50|:$70,50|:$76
60,78,84,,,,60|:$78,60|:$84
70,84,88,,,,70|:$84,70|:$88
80,88,94,,,,80|:$88,80|:$94
90,92,100,,,,90|:$92,90|:$100
100,100,106,,,,100|:$100,100|:$106
150,124,132,,,,150|:$124,150|:$132
200,152,162,,,,200|:$152,200|:$162
250,180,192,,,,250|:$180,250|:$192
300,210,222,,,,300|:$210,300|:$222
350,240,256,,,,350|:$240,350|:$256
400,268,286,,,,400|:$268,400|:$286
450,300,318,,,,450|:$300,450|:$318
500,328,348,,,,500|:$328,500|:$348
550,358,378,,,,550|:$358,550|:$378
600,386,410,,,,600|:$386,600|:$410
650,416,440,,,,650|:$416,650|:$440
700,446,472,,,,700|:$446,700|:$472
750,474,502,,,,750|:$474,750|:$502
800,502,532,,,,800|:$502,800|:$532
850,534,566,,,,850|:$534,850|:$566
900,562,596,,,,900|:$562,900|:$596
950,590,626,,,,950|:$590,950|:$626
1000,514,550,,,,1000|:$514,1000|:$550
1500,706,760,,,,1500|:$706,1500|:$760
2000,864,934,,,,2000|:$864,2000|:$934
2500,1050,1136,,,,2500|:$1050,2500|:$1136
3000,1234,1336,,,,3000|:$1234,3000|:$1336
3500,1418,1538,,,,3500|:$1418,3500|:$1538
4000,1602,1738,,,,4000|:$1602,4000|:$1738
4500,1788,1940,,,,4500|:$1788,4500|:$1940
5000,1972,2142,,,,5000|:$1972,5000|:$2142
10000,3536,3872,,,,10000|:$3536,10000|:$3872
