32mm Diameter ,150gsm Art Paper,150gsm Art Paper,,,,,
Quantity,Gloss Lamination,Soft Touch Lamination,,,|:$,,
10,50,54,,,,10|:$50,10|:$54
20,54,58,,,,20|:$54,20|:$58
30,58,62,,,,30|:$58,30|:$62
40,62,68,,,,40|:$62,40|:$68
50,66,72,,,,50|:$66,50|:$72
60,74,80,,,,60|:$74,60|:$80
70,80,84,,,,70|:$80,70|:$84
80,84,90,,,,80|:$84,80|:$90
90,88,94,,,,90|:$88,90|:$94
100,98,104,,,,100|:$98,100|:$104
150,120,130,,,,150|:$120,150|:$130
200,148,158,,,,200|:$148,200|:$158
250,174,186,,,,250|:$174,250|:$186
300,202,216,,,,300|:$202,300|:$216
350,230,244,,,,350|:$230,350|:$244
400,258,274,,,,400|:$258,400|:$274
450,284,302,,,,450|:$284,450|:$302
500,312,332,,,,500|:$312,500|:$332
550,342,364,,,,550|:$342,550|:$364
600,368,392,,,,600|:$368,600|:$392
650,396,422,,,,650|:$396,650|:$422
700,422,450,,,,700|:$422,700|:$450
750,450,478,,,,750|:$450,750|:$478
800,480,510,,,,800|:$480,800|:$510
850,506,538,,,,850|:$506,850|:$538
900,534,568,,,,900|:$534,900|:$568
950,560,596,,,,950|:$560,950|:$596
1000,494,532,,,,1000|:$494,1000|:$532
1500,678,732,,,,1500|:$678,1500|:$732
2000,832,902,,,,2000|:$832,2000|:$902
2500,1010,1096,,,,2500|:$1010,2500|:$1096
3000,1184,1288,,,,3000|:$1184,3000|:$1288
3500,1362,1482,,,,3500|:$1362,3500|:$1482
4000,1536,1674,,,,4000|:$1536,4000|:$1674
4500,1714,1866,,,,4500|:$1714,4500|:$1866
5000,1890,2060,,,,5000|:$1890,5000|:$2060
10000,3396,3732,,,,10000|:$3396,10000|:$3732
